Player,Goals Against,Shots on Target Against,Saves,Save Percentage,Wins,Draws,Losses,Clean Sheets,Clean Sheet Percentage,Penalty Kicks Attempted,Penalty Kicks Allowed,Penalty Kicks Saved,Penalty Kicks Missed,Save% (Penalty Kicks),Advanced Goalkeeping,Free Kick Goals Against,Corner Kick Goals Against,Own Goals Scored Against Goalkeeper,Post-Shot Expected Goals,PSxG/SoT,PSxG-GA,Passes Completed (Launched),Passes Attempted (Launched),Pass Completion Percentage (Launched),Passes Attempted,Throws Attempted,Launch %,Average Pass Length,Goal Kicks,Launch% (Goal Kicks),Avg. Length of Goal Kicks,Crosses Faced,Crosses Stopped,Crosses Stopped %,Def. Actions Outside Pen. Area,Avg. Distance of Def. Actions,Position,Age,Country,Club,url,Minutes,DetailedPosition
Sven Ulreich,0.63,2.63,1.88,76.2%,1.0,0.0,0.0,0.63,62.5%,0.13,0.0,0.13,0.0,100.0%,Advanced Goalkeeping,0.0,0.13,0.0,0.83,0.27,0.2,2.63,7.88,33.3%,33.75,5.38,21.9%,27.0,6.13,8.2%,20.4,11.63,0.63,5.4%,1.38,18.2,GK,35-025,GER,Bayern Munich,https://fbref.com/en/players/7d3e7da6/Sven-Ulreich,720,Goalkeeper
Frederik Rønnow,0.96,3.84,2.82,77.9%,0.55,0.22,0.25,0.38,38.9%,0.16,0.11,0.05,0.0,33.3%,Advanced Goalkeeping,0.0,0.11,0.0,1.23,0.28,0.27,7.42,19.89,37.3%,36.25,3.64,44.1%,36.2,5.67,68.6%,50.4,13.67,1.48,10.8%,1.21,14.7,GK,31-024,DEN,Union Berlin,https://fbref.com/en/players/a70b8345/Frederik-Ronnow,3285,Goalkeeper
Alexander Schwolow,2.53,5.75,3.22,59.8%,0.21,0.11,0.64,0.05,5.6%,0.21,0.21,0.0,0.0,0.0%,Advanced Goalkeeping,0.05,0.16,0.0,2.08,0.33,-0.45,8.11,19.45,41.7%,31.49,3.65,44.4%,37.6,7.84,69.9%,53.5,13.0,0.21,1.7%,1.02,15.1,GK,31-087,GER,Union Berlin,https://fbref.com/en/players/0d55d942/Alexander-Schwolow,1675,Goalkeeper
Andriy Lunin,0.91,2.91,2.09,68.8%,0.64,0.18,0.18,0.36,36.4%,0.0,0.0,0.0,0.0,,Advanced Goalkeeping,0.0,0.09,0.09,0.79,0.27,-0.03,1.64,3.18,51.4%,25.18,5.55,7.2%,22.1,5.45,25.0%,31.6,10.09,0.45,4.5%,1.45,19.0,GK,24-198,UKR,Real Madrid,https://fbref.com/en/players/3061e1ec/Andriy-Lunin,990,Goalkeeper
Kepa Arrizabalaga,1.06,4.13,3.14,74.8%,0.34,0.26,0.42,0.34,34.2%,0.03,0.03,0.0,0.0,0.0%,Advanced Goalkeeping,0.03,0.13,0.08,1.17,0.29,0.18,2.52,7.95,31.7%,29.04,5.35,19.1%,27.2,6.03,40.1%,34.2,11.38,0.55,4.8%,1.61,17.0,GK,28-329,ESP,Real Madrid,https://fbref.com/en/players/28d596a0/Kepa-Arrizabalaga,3465,Goalkeeper
Ederson,0.71,2.27,1.56,72.5%,0.73,0.16,0.11,0.4,40.0%,0.09,0.09,0.0,0.0,0.0%,Advanced Goalkeeping,0.0,0.11,0.0,0.67,0.26,-0.04,3.96,8.67,45.6%,31.89,3.98,21.9%,28.8,4.51,37.4%,35.8,7.87,0.47,5.9%,0.93,16.2,GK,30-011,BRA,Manchester City,https://fbref.com/en/players/3bb7b8b4/Ederson,4050,Goalkeeper
Stefan Ortega,0.4,4.2,3.8,90.5%,0.6,0.4,0.0,0.6,60.0%,0.0,0.0,0.0,0.0,,Advanced Goalkeeping,0.0,0.2,0.0,1.04,0.25,0.64,2.8,5.8,48.3%,39.4,4.4,13.7%,23.3,4.4,9.1%,23.3,6.2,0.4,6.5%,2.4,21.8,GK,30-295,GER,Manchester City,https://fbref.com/en/players/c1242d4e/Stefan-Ortega,450,Goalkeeper
Mike Maignan,0.89,3.18,2.22,74.2%,0.46,0.32,0.21,0.36,37.0%,0.14,0.07,0.07,0.0,50.0%,Advanced Goalkeeping,0.04,0.11,0.0,0.99,0.27,0.1,4.29,10.01,42.9%,33.99,5.47,23.6%,29.9,4.83,41.5%,38.6,11.72,1.0,8.5%,1.39,16.4,GK,28-056,FRA,Milan,https://fbref.com/en/players/fcb38f57/Mike-Maignan,2518,Goalkeeper
Antonio Mirante,1.48,4.37,2.81,67.9%,0.47,0.23,0.31,0.39,41.7%,0.23,0.16,0.08,0.0,33.3%,Advanced Goalkeeping,0.08,0.0,0.0,1.23,0.24,-0.2,3.59,8.27,43.4%,24.12,4.92,25.2%,30.9,6.48,27.7%,28.6,12.65,0.08,0.6%,1.8,18.3,GK,40-051,ITA,Milan,https://fbref.com/en/players/30223b33/Antonio-Mirante,1153,Goalkeeper
Marco Sportiello,1.41,4.3,2.89,68.8%,0.4,0.2,0.34,0.13,15.4%,0.07,0.07,0.0,0.0,0.0%,Advanced Goalkeeping,0.07,0.13,0.0,1.32,0.29,-0.08,3.49,9.94,35.1%,23.24,5.71,20.5%,28.8,7.79,66.4%,49.7,13.43,1.21,9.0%,1.21,15.0,GK,31-110,ITA,Milan,https://fbref.com/en/players/ac4003af/Marco-Sportiello,1339,Goalkeeper
Alex Meret,0.72,2.65,1.88,75.4%,0.77,0.12,0.12,0.44,44.2%,0.12,0.07,0.05,0.0,40.0%,Advanced Goalkeeping,0.0,0.05,0.0,0.82,0.27,0.1,1.67,4.35,38.5%,21.93,3.67,15.0%,25.7,6.0,17.8%,25.1,10.3,0.4,3.8%,1.12,15.8,GK,26-159,ITA,Napoli,https://fbref.com/en/players/9413b19f/Alex-Meret,3870,Goalkeeper
Pierluigi Gollini,1.2,2.2,1.0,45.5%,0.6,0.2,0.2,0.2,20.0%,0.0,0.0,0.0,0.0,,Advanced Goalkeeping,0.0,0.2,0.0,0.46,0.21,-0.74,5.4,10.6,50.9%,36.6,3.2,25.7%,31.0,4.8,25.0%,31.2,4.6,0.2,4.3%,2.8,22.2,GK,28-163,ITA,Napoli,https://fbref.com/en/players/f0f7f62f/Pierluigi-Gollini,450,Goalkeeper
Stole Dimitrievski,1.46,4.09,2.73,66.9%,0.38,0.24,0.38,0.24,25.0%,0.14,0.11,0.0,0.03,0.0%,Advanced Goalkeeping,0.0,0.24,0.11,1.29,0.29,-0.05,4.39,14.32,30.6%,21.85,5.28,45.8%,38.8,7.88,54.6%,45.4,13.27,0.68,5.1%,1.35,16.2,GK,29-246,MKD,Rayo Vallecano,https://fbref.com/en/players/fc70e345/Stole-Dimitrievski,3324,Goalkeeper
Cárdenas,1.92,5.0,3.08,65.0%,0.25,0.25,0.5,0.21,20.8%,0.17,0.17,0.0,0.0,0.0%,Advanced Goalkeeping,0.04,0.21,0.0,1.73,0.31,-0.19,3.83,12.33,31.1%,21.88,3.54,41.9%,36.6,8.25,38.4%,35.7,13.83,0.42,3.0%,1.08,15.6,GK,26-153,ESP,Rayo Vallecano,https://fbref.com/en/players/e1846dde/Cardenas,2160,Goalkeeper
Lukáš Hrádecký,1.33,4.02,2.74,72.4%,0.43,0.26,0.3,0.3,30.4%,0.24,0.22,0.02,0.0,9.1%,Advanced Goalkeeping,0.02,0.15,0.07,1.12,0.22,-0.14,3.33,10.09,33.0%,26.02,4.43,30.0%,31.5,6.11,37.4%,34.5,12.39,0.8,6.5%,0.74,13.7,GK,33-277,FIN,Leverkusen,https://fbref.com/en/players/ad3389d5/Lukas-Hradecky,4170,Goalkeeper
Koen Casteels,1.34,4.03,2.78,69.0%,0.47,0.25,0.28,0.38,37.5%,0.16,0.09,0.0,0.06,0.0%,Advanced Goalkeeping,0.0,0.16,0.09,1.2,0.28,-0.05,7.41,17.47,42.4%,39.56,5.03,32.5%,33.5,7.94,57.9%,47.8,14.94,0.84,5.6%,1.41,16.2,GK,31-064,BEL,Wolfsburg,https://fbref.com/en/players/db401046/Koen-Casteels,2880,Goalkeeper
Pavao Pervan,2.33,6.33,4.17,65.8%,0.17,0.0,0.83,0.17,16.7%,0.17,0.17,0.0,0.0,0.0%,Advanced Goalkeeping,0.17,0.33,0.17,1.88,0.27,-0.28,3.0,9.67,31.0%,26.33,5.17,31.0%,31.8,8.17,18.4%,26.4,16.17,0.33,2.1%,1.17,13.6,GK,35-288,AUT,Wolfsburg,https://fbref.com/en/players/c89e8aae/Pavao-Pervan,540,Goalkeeper
Florian Müller,2.0,4.73,2.73,59.2%,0.2,0.27,0.53,0.0,0.0%,0.07,0.07,0.0,0.0,0.0%,Advanced Goalkeeping,0.13,0.2,0.0,1.53,0.31,-0.47,5.13,11.0,46.7%,30.73,5.2,26.9%,29.4,6.8,40.2%,37.0,13.2,0.4,3.0%,1.33,18.4,GK,25-288,GER,Freiburg,https://fbref.com/en/players/cbac6ec9/Florian-Muller,1350,Goalkeeper
Yann Sommer,1.26,3.45,2.23,71.0%,0.55,0.23,0.23,0.35,35.5%,0.29,0.26,0.0,0.03,0.0%,Advanced Goalkeeping,0.06,0.06,0.03,1.33,0.32,0.1,3.0,7.45,40.3%,38.39,4.58,16.1%,25.8,6.06,21.3%,27.5,12.23,0.55,4.5%,1.26,15.2,GK,34-254,SUI,Inter,https://fbref.com/en/players/420c18a1/Yann-Sommer,2790,Goalkeeper
Emil Audero,1.5,4.91,3.41,74.1%,0.09,0.23,0.68,0.14,13.6%,0.32,0.23,0.09,0.0,28.6%,Advanced Goalkeeping,0.0,0.18,0.09,1.25,0.19,-0.16,6.91,18.64,37.1%,28.0,3.91,49.0%,40.2,8.36,58.7%,44.8,14.68,1.05,7.1%,0.91,13.5,GK,26-222,ITA,Inter,https://fbref.com/en/players/649b01d8/Emil-Audero,1980,Goalkeeper
Lorenzo Montipò,1.47,4.78,3.36,69.8%,0.25,0.22,0.53,0.17,16.7%,0.06,0.03,0.03,0.0,50.0%,Advanced Goalkeeping,0.03,0.08,0.08,1.28,0.26,-0.11,9.92,21.61,45.9%,24.86,3.44,62.6%,44.4,7.69,78.7%,55.5,13.53,0.67,4.9%,1.44,15.1,GK,27-189,ITA,Hellas Verona,https://fbref.com/en/players/c1d95617/Lorenzo-Montipo,3240,Goalkeeper
Philipp Köhn,1.45,4.55,3.09,70.0%,0.36,0.36,0.27,0.27,27.3%,0.09,0.09,0.0,0.0,0.0%,Advanced Goalkeeping,0.0,0.36,0.0,1.43,0.3,-0.03,4.27,11.82,36.2%,20.45,3.27,44.9%,37.8,5.36,49.2%,40.8,14.36,1.0,7.0%,0.91,12.2,GK,25-148,SUI,Monaco,https://fbref.com/en/players/ff74841d/Philipp-Kohn,990,
Alphonse Areola,1.39,5.74,4.18,78.8%,0.35,0.35,0.17,0.17,20.0%,0.35,0.17,0.17,0.0,50.0%,Advanced Goalkeeping,0.0,0.17,0.0,1.83,0.26,0.44,4.87,15.32,31.8%,17.23,5.05,57.6%,40.9,8.88,60.8%,42.4,19.15,1.39,7.3%,0.17,7.7,GK,30-182,FRA,West Ham,https://fbref.com/en/players/2f965a72/Alphonse-Areola,1170,Goalkeeper
Łukasz Fabiański,1.44,4.58,3.14,68.8%,0.32,0.19,0.51,0.22,23.3%,0.1,0.03,0.03,0.03,50.0%,Advanced Goalkeeping,0.0,0.1,0.03,1.32,0.28,-0.08,5.7,15.07,37.8%,18.4,4.1,55.7%,39.8,7.33,62.4%,46.2,14.72,0.8,5.4%,0.77,13.2,GK,38-132,POL,West Ham,https://fbref.com/en/players/9328b835/Lukasz-Fabianski,2813,Goalkeeper
Guglielmo Vicario,1.26,4.53,3.27,75.7%,0.36,0.36,0.29,0.26,26.7%,0.23,0.16,0.03,0.03,16.7%,Advanced Goalkeeping,0.0,0.26,0.03,1.36,0.26,0.08,4.24,14.07,30.1%,34.86,4.95,32.8%,33.3,5.37,47.0%,40.6,18.76,1.0,5.3%,0.87,12.6,GK,26-325,ITA,Tottenham,https://fbref.com/en/players/77d6fd4d/Guglielmo-Vicario,2783,Goalkeeper
Brandon Austin,1.6,3.2,1.6,50.0%,0.6,0.0,0.4,0.2,20.0%,0.0,0.0,0.0,0.0,,Advanced Goalkeeping,0.0,0.0,0.0,1.22,0.42,-0.38,3.8,8.2,46.3%,13.8,3.0,30.4%,30.6,8.8,45.5%,38.2,13.6,0.4,2.9%,1.8,19.9,GK,24-232,ENG,Tottenham,https://fbref.com/en/players/5e253986/Brandon-Austin,450,Goalkeeper
Fraser Forster,1.61,4.0,2.32,62.9%,0.32,0.26,0.39,0.26,26.7%,0.19,0.13,0.06,0.0,33.3%,Advanced Goalkeeping,0.06,0.26,0.0,1.5,0.34,-0.11,2.52,8.58,29.3%,20.26,5.61,27.4%,29.6,6.65,45.6%,36.5,13.55,0.32,2.4%,1.23,15.9,GK,35-164,ENG,Tottenham,https://fbref.com/en/players/c3e39f12/Fraser-Forster,1395,Goalkeeper
Paulo Gazzaniga,1.26,4.29,3.0,73.7%,0.42,0.29,0.29,0.16,16.1%,0.19,0.13,0.03,0.03,20.0%,Advanced Goalkeeping,0.0,0.16,0.0,1.52,0.32,0.26,5.29,14.74,35.9%,29.77,4.84,31.7%,32.8,8.65,61.2%,48.7,17.48,1.35,7.7%,1.32,14.7,GK,31-238,ARG,Girona,https://fbref.com/en/players/63d17038/Paulo-Gazzaniga,2790,Goalkeeper
Juan Carlos,2.14,4.57,2.43,56.3%,0.14,0.29,0.57,0.0,0.0%,0.14,0.14,0.0,0.0,0.0%,Advanced Goalkeeping,0.29,0.14,0.0,1.96,0.4,-0.19,2.43,6.86,35.4%,25.43,4.43,19.7%,28.9,7.0,26.5%,30.8,12.71,0.43,3.4%,2.14,17.4,GK,35-220,ESP,Girona,https://fbref.com/en/players/688b96e3/Juan-Carlos,630,Goalkeeper
Alisson,1.2,4.07,2.86,71.5%,0.57,0.18,0.25,0.36,36.4%,0.11,0.05,0.05,0.02,50.0%,Advanced Goalkeeping,0.0,0.02,0.05,1.4,0.33,0.25,3.23,7.89,40.9%,33.5,5.48,18.7%,27.0,5.34,30.6%,33.3,10.39,0.73,7.0%,2.05,18.7,GK,30-330,BRA,Liverpool,https://fbref.com/en/players/7a2e46a8/Alisson,3960,Goalkeeper
Caoimhín Kelleher,0.5,5.0,4.5,100.0%,0.5,0.5,0.0,0.5,50.0%,0.5,0.5,0.0,0.0,0.0%,Advanced Goalkeeping,0.0,0.0,0.0,1.15,0.13,0.65,7.0,19.0,36.8%,36.5,8.0,45.2%,35.4,11.0,22.7%,27.0,19.0,1.0,5.3%,0.5,15.8,GK,24-278,IRL,Liverpool,https://fbref.com/en/players/62d7ef38/Caoimhin-Kelleher,180,Goalkeeper
Marc-André ter Stegen,0.77,2.94,2.26,76.2%,0.66,0.14,0.23,0.59,60.5%,0.05,0.07,0.0,0.0,0.0%,Advanced Goalkeeping,0.0,0.11,0.09,0.84,0.27,0.15,4.53,8.55,52.9%,31.09,4.96,21.3%,28.7,5.39,31.9%,33.8,9.78,0.45,4.6%,1.06,16.4,GK,31-120,GER,Barcelona,https://fbref.com/en/players/6f51e382/Marc-Andre-ter-Stegen,3977,Goalkeeper
Pau López,1.11,3.87,2.78,73.9%,0.58,0.13,0.28,0.28,28.2%,0.1,0.1,0.0,0.0,0.0%,Advanced Goalkeeping,0.0,0.2,0.03,1.03,0.25,-0.06,3.39,9.85,34.4%,28.84,3.95,25.5%,31.1,5.19,48.3%,39.6,11.27,0.66,5.8%,1.22,15.4,GK,28-258,ESP,Marseille,https://fbref.com/en/players/20b9f052/Pau-Lopez,3555,Goalkeeper
Rubén Blanco,1.09,3.45,2.73,68.4%,0.18,0.55,0.36,0.0,0.0%,0.0,0.0,0.0,0.0,,Advanced Goalkeeping,0.0,0.18,0.36,0.71,0.2,-0.02,2.0,8.55,23.4%,30.0,5.64,20.6%,27.4,7.45,31.7%,32.1,13.27,0.55,4.1%,1.27,17.9,GK,28-034,ESP,Marseille,https://fbref.com/en/players/967f34d3/Ruben-Blanco,495,Goalkeeper
Aaron Ramsdale,1.15,3.6,2.45,70.1%,0.63,0.2,0.18,0.35,35.0%,0.13,0.08,0.0,0.05,0.0%,Advanced Goalkeeping,0.0,0.2,0.0,1.07,0.28,-0.09,2.83,11.38,24.8%,25.53,4.7,34.7%,33.2,4.2,60.1%,49.9,9.7,0.55,5.7%,1.33,16.4,GK,25-106,ENG,Arsenal,https://fbref.com/en/players/466fb2c5/Aaron-Ramsdale,3630,Goalkeeper
Karl Jakob Hein,1.6,5.0,3.8,68.0%,0.4,0.2,0.4,0.2,20.0%,0.0,0.0,0.0,0.0,,Advanced Goalkeeping,0.0,0.6,0.4,0.98,0.21,-0.22,4.4,19.0,23.2%,23.0,3.8,53.9%,40.8,8.0,82.5%,56.2,20.6,1.0,4.9%,1.8,15.5,GK,21-137,EST,Arsenal,https://fbref.com/en/players/aa81d8f8/Karl-Jakob-Hein,450,Goalkeeper
David Raya,1.18,5.06,3.97,77.9%,0.41,0.35,0.24,0.32,32.4%,0.06,0.06,0.0,0.0,0.0%,Advanced Goalkeeping,0.0,0.21,0.09,1.25,0.24,0.16,9.35,23.44,39.9%,35.62,4.03,52.0%,39.9,6.97,70.5%,51.6,16.12,1.29,8.0%,1.5,16.1,GK,27-347,ESP,Arsenal,https://fbref.com/en/players/98ea5115/David-Raya,3060,Goalkeeper
Jason Steele,1.47,3.82,2.47,64.6%,0.53,0.18,0.29,0.35,35.3%,0.18,0.12,0.06,0.0,33.3%,Advanced Goalkeeping,0.0,0.18,0.18,1.26,0.3,-0.04,2.24,4.88,45.8%,32.71,3.29,14.6%,24.1,3.82,3.1%,13.0,9.41,0.65,6.9%,1.24,15.4,GK,33-010,ENG,Brighton,https://fbref.com/en/players/28300a16/Jason-Steele,1530,Goalkeeper
Bart Verbruggen,0.83,4.5,3.67,85.2%,0.5,0.17,0.33,0.33,33.3%,0.17,0.17,0.0,0.0,0.0%,Advanced Goalkeeping,0.0,0.0,0.0,1.38,0.27,0.55,4.33,13.0,33.3%,37.17,5.83,28.7%,31.7,6.83,34.1%,34.1,12.33,1.33,10.8%,0.5,11.1,GK,21-010,NED,Brighton,https://fbref.com/en/players/cf134113/Bart-Verbruggen,600,
Yehvann Diouf,1.0,4.35,3.38,77.7%,0.38,0.35,0.26,0.44,44.1%,0.03,0.03,0.0,0.0,0.0%,Advanced Goalkeeping,0.06,0.06,0.03,1.19,0.27,0.22,4.38,10.24,42.8%,28.38,6.21,28.4%,31.8,6.03,36.1%,35.8,14.32,1.32,9.2%,1.09,12.6,GK,23-285,FRA,Reims,https://fbref.com/en/players/eedea60b/Yehvann-Diouf,3060,Goalkeeper
Oliver Christensen,2.13,4.8,2.67,58.3%,0.2,0.27,0.53,0.1,10.0%,0.13,0.13,0.0,0.0,0.0%,Advanced Goalkeeping,0.13,0.23,0.0,1.7,0.34,-0.43,6.33,18.57,34.1%,30.03,4.63,44.6%,36.8,6.8,76.0%,55.0,14.47,0.9,6.2%,2.03,19.1,GK,24-159,DEN,Fiorentina,https://fbref.com/en/players/af104654/Oliver-Christensen,2700,Goalkeeper
Pietro Terracciano,1.3,3.27,2.0,66.3%,0.33,0.27,0.4,0.17,16.7%,0.23,0.2,0.03,0.0,14.3%,Advanced Goalkeeping,0.0,0.13,0.07,1.11,0.27,-0.12,5.27,12.67,41.6%,30.6,3.87,31.6%,33.1,6.73,44.6%,40.1,9.4,0.4,4.3%,1.83,18.3,GK,33-173,ITA,Fiorentina,https://fbref.com/en/players/e1b0a70d/Pietro-Terracciano,2700,Goalkeeper
Mattia Perin,1.0,4.31,3.24,80.8%,0.33,0.25,0.33,0.41,45.5%,0.25,0.17,0.08,0.0,33.3%,Advanced Goalkeeping,0.0,0.08,0.0,1.35,0.27,0.36,3.15,9.54,33.0%,25.22,4.98,29.3%,31.3,6.14,35.1%,34.0,14.52,0.33,2.3%,1.0,15.8,GK,30-291,ITA,Juventus,https://fbref.com/en/players/4c62d0c8/Mattia-Perin,1085,Goalkeeper
Wojciech Szczęsny,1.0,3.62,2.62,75.5%,0.59,0.13,0.31,0.46,47.4%,0.13,0.13,0.0,0.0,0.0%,Advanced Goalkeeping,0.0,0.13,0.0,1.03,0.25,0.02,4.19,9.58,43.7%,22.52,4.49,31.4%,32.8,5.88,41.9%,37.4,15.77,0.46,2.9%,0.8,14.3,GK,33-132,POL,Juventus,https://fbref.com/en/players/01b8a2b2/Wojciech-Szczesny,3535,Goalkeeper
Jan Oblak,0.77,3.06,2.29,76.5%,0.56,0.24,0.21,0.39,40.6%,0.09,0.06,0.0,0.03,0.0%,Advanced Goalkeeping,0.03,0.03,0.0,0.87,0.27,0.07,4.34,12.65,34.3%,20.4,4.1,38.6%,35.4,7.75,61.7%,46.2,12.38,0.83,6.7%,0.65,14.1,GK,30-233,SVN,Atlético Madrid,https://fbref.com/en/players/ee8508c0/Jan-Oblak,3032,Goalkeeper
Ivo Grbić,1.24,4.71,3.47,79.2%,0.53,0.27,0.18,0.18,20.0%,0.27,0.27,0.0,0.0,0.0%,Advanced Goalkeeping,0.0,0.36,0.0,1.38,0.24,-0.03,4.44,14.39,30.9%,22.3,4.89,37.1%,34.1,9.6,63.9%,48.2,19.99,2.04,10.2%,0.62,9.2,GK,27-222,CRO,Atlético Madrid,https://fbref.com/en/players/3f034750/Ivo-Grbic,1012,Goalkeeper
Unai Simón,1.3,3.84,2.63,68.6%,0.44,0.16,0.41,0.25,25.8%,0.1,0.1,0.0,0.0,0.0%,Advanced Goalkeeping,0.03,0.06,0.1,1.12,0.28,-0.08,4.73,12.44,38.0%,25.84,4.98,32.9%,34.2,6.29,62.1%,48.9,11.75,0.6,5.1%,1.3,17.0,GK,26-078,ESP,Athletic Club,https://fbref.com/en/players/5dcf3e90/Unai-Simon,2835,Goalkeeper
Julen Agirrezabala,0.8,2.53,1.73,68.4%,0.13,0.4,0.4,0.27,28.6%,0.0,0.0,0.0,0.0,,Advanced Goalkeeping,0.0,0.0,0.0,0.73,0.3,-0.07,4.93,13.47,36.6%,23.87,4.4,29.6%,30.5,8.27,77.4%,55.4,12.8,1.47,11.5%,1.33,15.4,GK,22-245,ESP,Athletic Club,https://fbref.com/en/players/a2c1a8d3/Julen-Agirrezabala,675,Goalkeeper
Emiliano Martínez,1.1,3.89,2.89,74.4%,0.52,0.21,0.3,0.37,37.5%,0.12,0.12,0.0,0.0,0.0%,Advanced Goalkeeping,0.03,0.15,0.09,1.12,0.26,0.11,5.96,15.27,39.0%,34.73,3.95,34.5%,32.5,6.14,53.5%,41.9,14.2,1.73,12.2%,2.34,17.0,GK,30-360,ARG,Aston Villa,https://fbref.com/en/players/7956236f/Emiliano-Martinez,2959,Goalkeeper
Robin Olsen,1.55,4.0,2.45,63.6%,0.36,0.18,0.45,0.09,9.1%,0.09,0.09,0.0,0.0,0.0%,Advanced Goalkeeping,0.0,0.0,0.0,1.15,0.27,-0.39,3.27,11.91,27.5%,27.36,6.36,31.2%,32.9,7.18,46.8%,41.4,11.09,0.36,3.3%,0.91,15.0,GK,33-232,SWE,Aston Villa,https://fbref.com/en/players/e7ee38c3/Robin-Olsen,990,Goalkeeper
Giorgi Mamardashvili,1.21,3.87,2.72,70.9%,0.31,0.23,0.46,0.18,17.9%,0.15,0.08,0.0,0.08,0.0%,Advanced Goalkeeping,0.0,0.21,0.05,1.13,0.28,-0.02,4.51,13.49,33.5%,21.08,3.54,42.2%,35.8,6.36,72.2%,53.2,11.95,0.9,7.5%,1.18,16.2,GK,22-333,GEO,Valencia,https://fbref.com/en/players/d4b73232/Giorgi-Mamardashvili,3510,Goalkeeper
Jaume Doménech,1.5,4.64,3.14,70.8%,0.18,0.43,0.39,0.14,14.3%,0.21,0.14,0.07,0.0,33.3%,Advanced Goalkeeping,0.07,0.18,0.07,1.32,0.25,-0.11,8.0,17.04,47.0%,23.07,3.68,47.1%,36.6,8.68,71.2%,49.7,17.32,0.29,1.6%,0.71,13.4,GK,32-296,ESP,Valencia,https://fbref.com/en/players/c9cb972b/Jaume-Domenech,2520,Goalkeeper
Sergio Herrera,1.38,4.31,2.94,69.6%,0.31,0.19,0.5,0.19,18.8%,0.25,0.06,0.06,0.13,50.0%,Advanced Goalkeeping,0.06,0.19,0.06,1.31,0.29,-0.01,9.81,21.94,44.7%,28.13,3.0,57.6%,43.1,8.5,67.6%,50.2,14.25,1.06,7.5%,1.25,18.4,GK,30-084,ESP,Osasuna,https://fbref.com/en/players/a4995f48/Sergio-Herrera,1440,Goalkeeper
Aitor Fernández,0.95,3.59,2.68,73.4%,0.45,0.23,0.32,0.36,36.4%,0.0,0.0,0.0,0.0,,Advanced Goalkeeping,0.0,0.0,0.05,0.88,0.26,-0.03,8.95,20.73,43.2%,29.73,4.14,50.2%,40.9,8.18,71.1%,54.0,14.95,0.64,4.3%,1.73,16.5,GK,32-117,ESP,Osasuna,https://fbref.com/en/players/a01c3d54/Aitor-Fernandez,1980,Goalkeeper
Wladimiro Falcone,1.22,4.03,2.86,73.2%,0.24,0.32,0.43,0.16,16.2%,0.16,0.14,0.03,0.0,16.7%,Advanced Goalkeeping,0.05,0.14,0.08,1.15,0.25,0.01,5.14,19.11,26.9%,22.81,3.51,58.3%,42.5,7.59,76.5%,52.0,13.73,0.62,4.5%,1.08,14.6,GK,28-138,ITA,Lecce,https://fbref.com/en/players/9f5a610b/Wladimiro-Falcone,3330,Goalkeeper
Gregor Kobel,1.09,4.53,3.44,76.7%,0.63,0.25,0.14,0.42,42.9%,0.07,0.04,0.04,0.0,50.0%,Advanced Goalkeeping,0.0,0.18,0.04,1.31,0.28,0.23,3.75,9.4,39.9%,32.32,4.49,21.0%,29.0,6.88,35.2%,34.8,10.88,0.53,4.8%,1.16,16.1,GK,25-265,SUI,Dortmund,https://fbref.com/en/players/cd59b9df/Gregor-Kobel,2565,Goalkeeper
Alexander Meyer,1.48,4.26,2.78,67.3%,0.43,0.17,0.35,0.17,18.2%,0.09,0.09,0.0,0.0,0.0%,Advanced Goalkeeping,0.0,0.26,0.0,1.17,0.26,-0.31,4.26,10.0,42.6%,37.48,4.52,19.7%,28.0,7.65,34.1%,34.8,14.26,1.04,7.3%,2.35,20.1,GK,32-137,GER,Dortmund,https://fbref.com/en/players/b56dd813/Alexander-Meyer,1035,Goalkeeper
Kevin Trapp,1.38,4.05,2.67,67.7%,0.41,0.26,0.33,0.23,23.1%,0.13,0.08,0.03,0.03,25.0%,Advanced Goalkeeping,0.0,0.13,0.03,1.31,0.31,-0.05,2.44,10.33,23.6%,21.31,4.03,40.0%,34.7,6.33,28.7%,32.5,11.67,0.49,4.2%,0.82,14.7,GK,33-051,GER,Eint Frankfurt,https://fbref.com/en/players/ce17b5eb/Kevin-Trapp,3510,Goalkeeper
Matz Sels,1.57,4.41,2.84,69.9%,0.3,0.3,0.41,0.19,18.9%,0.27,0.24,0.0,0.03,0.0%,Advanced Goalkeeping,0.03,0.16,0.0,1.41,0.27,-0.16,4.24,12.3,34.5%,20.05,3.19,46.9%,37.7,5.16,56.0%,44.2,12.92,0.78,6.1%,0.81,12.9,GK,31-183,BEL,Strasbourg,https://fbref.com/en/players/834b5c4c/Matz-Sels,3330,Goalkeeper
Marco Bizot,1.31,4.69,3.42,76.3%,0.33,0.25,0.42,0.22,22.2%,0.22,0.19,0.03,0.0,12.5%,Advanced Goalkeeping,0.03,0.25,0.06,1.43,0.26,0.18,5.64,13.31,42.4%,22.44,4.47,38.5%,35.6,8.06,57.9%,43.6,14.53,0.89,6.1%,0.75,11.8,GK,32-171,NED,Brest,https://fbref.com/en/players/3d214e5f/Marco-Bizot,3240,Goalkeeper
André Onana,0.98,3.9,3.03,76.3%,0.58,0.15,0.28,0.43,42.5%,0.05,0.05,0.0,0.0,0.0%,Advanced Goalkeeping,0.0,0.18,0.1,1.04,0.26,0.16,4.85,12.18,39.8%,35.0,4.8,28.3%,31.1,6.3,36.1%,37.0,13.05,0.78,5.9%,0.43,12.4,GK,27-148,CMR,Manchester Utd,https://fbref.com/en/players/e9c0c1b2/Andre-Onana,3600,Goalkeeper
Dean Henderson,1.86,4.14,2.29,58.6%,0.29,0.29,0.43,0.36,35.7%,0.21,0.14,0.0,0.07,0.0%,Advanced Goalkeeping,0.07,0.29,0.0,1.35,0.3,-0.51,6.43,17.43,36.9%,27.21,5.36,45.7%,37.5,8.07,61.9%,46.3,16.36,0.86,5.2%,0.86,13.6,GK,26-169,ENG,Manchester Utd,https://fbref.com/en/players/e5a76dfe/Dean-Henderson,1260,Goalkeeper
Steve Mandanda,1.01,3.15,2.17,70.3%,0.58,0.19,0.24,0.31,32.5%,0.1,0.1,0.0,0.0,0.0%,Advanced Goalkeeping,0.0,0.14,0.02,0.95,0.28,-0.05,4.86,12.97,37.5%,31.81,4.62,30.3%,31.5,5.7,58.6%,43.3,11.86,0.99,8.3%,1.37,16.0,GK,38-153,FRA,Rennes,https://fbref.com/en/players/1d2d5cc8/Steve-Mandanda,3770,Goalkeeper
Gauthier Gallon,2.11,6.16,4.06,69.0%,0.08,0.35,0.59,0.0,0.0%,0.2,0.2,0.0,0.0,0.0%,Advanced Goalkeeping,0.0,0.31,0.0,1.88,0.28,-0.22,3.51,13.54,25.9%,24.19,4.95,35.0%,33.1,8.35,60.7%,45.2,17.63,1.13,6.4%,0.27,8.2,GK,30-127,FRA,Rennes,https://fbref.com/en/players/db3164e1/Gauthier-Gallon,2307,Goalkeeper
Yvon Mvogo,1.39,5.02,3.68,73.3%,0.5,0.25,0.3,0.15,15.0%,0.05,0.05,0.0,0.0,0.0%,Advanced Goalkeeping,0.0,0.25,0.05,1.34,0.26,0.01,4.47,11.87,37.7%,24.19,4.42,34.5%,32.9,7.35,46.6%,36.9,19.62,1.19,6.1%,0.25,7.6,GK,29-083,SUI,Lorient,https://fbref.com/en/players/dc29b608/Yvon-Mvogo,1812,Goalkeeper
Vito Mannone,1.34,4.7,3.36,72.6%,0.22,0.34,0.39,0.28,29.4%,0.06,0.06,0.0,0.0,0.0%,Advanced Goalkeeping,0.11,0.11,0.0,1.41,0.29,0.07,3.13,9.85,31.8%,26.36,5.65,25.9%,29.5,6.27,48.2%,37.5,19.25,0.67,3.5%,0.5,10.6,GK,35-179,ITA,Lorient,https://fbref.com/en/players/c4173f1a/Vito-Mannone,1608,Goalkeeper
Mark Flekken,1.23,4.38,3.15,75.4%,0.48,0.28,0.25,0.35,35.0%,0.18,0.15,0.0,0.03,0.0%,Advanced Goalkeeping,0.0,0.1,0.0,1.32,0.27,0.09,7.15,17.8,40.2%,35.95,3.63,36.2%,35.9,6.78,70.8%,56.3,12.25,0.8,6.5%,1.03,14.6,GK,30-076,NED,Brentford,https://fbref.com/en/players/a92ab7be/Mark-Flekken,3600,Goalkeeper
Thomas Strakosha,1.26,3.74,2.52,67.4%,0.52,0.26,0.22,0.3,30.4%,0.04,0.04,0.0,0.0,0.0%,Advanced Goalkeeping,0.04,0.13,0.04,1.24,0.32,0.03,3.43,7.0,49.1%,26.87,4.0,22.2%,28.5,5.17,20.2%,23.6,12.3,0.48,3.9%,0.7,14.5,GK,28-162,ALB,Brentford,https://fbref.com/en/players/339fe0e8/Thomas-Strakosha,2070,Goalkeeper
Gianluigi Donnarumma,1.07,4.1,3.05,76.1%,0.65,0.16,0.2,0.29,29.5%,0.13,0.09,0.02,0.04,20.0%,Advanced Goalkeeping,0.02,0.11,0.04,1.16,0.27,0.15,1.47,4.28,34.4%,20.01,4.43,15.8%,24.7,5.79,19.2%,24.0,12.08,0.74,6.1%,0.74,12.1,GK,24-184,ITA,Paris S-G,https://fbref.com/en/players/08f5afaa/Gianluigi-Donnarumma,4039,Goalkeeper
Keylor Navas,1.88,4.89,3.0,65.0%,0.24,0.24,0.53,0.06,6.3%,0.24,0.24,0.0,0.0,0.0%,Advanced Goalkeeping,0.06,0.18,0.0,1.72,0.32,-0.17,6.24,18.84,33.1%,22.25,3.83,56.3%,41.3,8.89,70.9%,48.1,17.36,0.82,4.7%,0.53,9.2,GK,36-256,CRC,Paris S-G,https://fbref.com/en/players/ecada4fc/Keylor-Navas,1529,Goalkeeper
Janis Blaswich,1.32,3.45,2.1,69.1%,0.6,0.16,0.22,0.25,25.8%,0.28,0.25,0.03,0.0,11.1%,Advanced Goalkeeping,0.0,0.19,0.0,1.26,0.3,-0.06,2.26,7.25,31.2%,38.38,4.58,15.1%,25.3,5.96,24.2%,29.0,11.71,0.82,7.0%,1.41,16.7,GK,32-118,GER,RB Leipzig,https://fbref.com/en/players/663e080e/Janis-Blaswich,2868,Goalkeeper
Leopold Zingerle,2.04,5.43,3.43,64.5%,0.14,0.25,0.61,0.18,17.9%,0.14,0.11,0.04,0.0,25.0%,Advanced Goalkeeping,0.11,0.21,0.07,1.73,0.3,-0.23,4.71,10.25,46.0%,34.93,6.71,22.9%,29.0,8.32,27.0%,29.9,16.21,0.32,2.0%,0.79,13.3,GK,29-140,GER,RB Leipzig,https://fbref.com/en/players/bf9d9070/Leopold-Zingerle,2520,Goalkeeper
Alexander Nübel,1.57,5.02,3.55,70.6%,0.52,0.16,0.32,0.25,25.0%,0.09,0.09,0.0,0.0,0.0%,Advanced Goalkeeping,0.05,0.16,0.09,1.28,0.25,-0.2,5.07,11.39,44.5%,24.36,5.52,30.3%,31.9,7.07,56.6%,43.9,11.18,1.0,8.9%,1.02,13.6,GK,26-332,GER,Stuttgart,https://fbref.com/en/players/afb0c500/Alexander-Nubel,3990,Goalkeeper
Fabian Bredlow,1.53,3.93,2.47,69.5%,0.27,0.33,0.4,0.07,6.7%,0.33,0.33,0.0,0.0,0.0%,Advanced Goalkeeping,0.0,0.2,0.07,1.34,0.26,-0.13,3.67,8.6,42.6%,33.53,5.73,20.3%,27.6,6.07,29.7%,33.5,13.53,0.8,5.9%,1.0,15.2,GK,28-179,GER,Stuttgart,https://fbref.com/en/players/d28339cb/Fabian-Bredlow,1350,Goalkeeper
Juan Musso,1.27,3.94,2.76,70.1%,0.54,0.14,0.36,0.27,27.3%,0.09,0.09,0.0,0.0,0.0%,Advanced Goalkeeping,0.0,0.18,0.09,0.98,0.23,-0.19,3.94,10.92,36.1%,23.42,6.16,30.6%,31.0,6.25,60.1%,47.8,10.15,0.68,6.7%,1.18,16.6,GK,29-114,ARG,Atalanta,https://fbref.com/en/players/a111cf41/Juan-Musso,1987,Goalkeeper
Marco Carnesecchi,1.74,5.67,3.96,70.6%,0.15,0.33,0.52,0.15,14.8%,0.07,0.07,0.0,0.0,0.0%,Advanced Goalkeeping,0.11,0.26,0.04,1.64,0.28,-0.07,5.81,19.37,30.0%,27.59,5.0,52.2%,41.4,7.52,66.0%,53.1,14.89,1.07,7.2%,1.07,14.1,GK,23-058,ITA,Atalanta,https://fbref.com/en/players/8ec56e62/Marco-Carnesecchi,2430,Goalkeeper
Michele Di Gregorio,1.19,4.47,3.31,75.2%,0.42,0.28,0.31,0.31,30.6%,0.08,0.08,0.0,0.0,0.0%,Advanced Goalkeeping,0.03,0.08,0.03,1.2,0.26,0.03,4.5,12.94,34.8%,33.33,6.36,30.7%,32.4,7.08,38.4%,35.4,14.83,0.33,2.2%,0.92,13.4,GK,26-032,ITA,Monza,https://fbref.com/en/players/4e0c8d66/Michele-Di-Gregorio,3240,Goalkeeper
Oliver Baumann,1.75,5.0,3.28,66.3%,0.25,0.19,0.56,0.09,9.4%,0.13,0.06,0.03,0.03,33.3%,Advanced Goalkeeping,0.06,0.31,0.06,1.53,0.3,-0.16,6.31,15.53,40.6%,34.13,5.28,34.8%,33.3,7.38,49.6%,41.0,16.22,1.16,7.1%,1.41,14.2,GK,33-087,GER,Hoffenheim,https://fbref.com/en/players/47064058/Oliver-Baumann,2880,Goalkeeper
Michele Cerofolini,0.67,2.83,2.17,82.4%,0.83,0.17,0.0,0.33,33.3%,0.17,0.17,0.0,0.0,0.0%,Advanced Goalkeeping,0.0,0.0,0.0,0.73,0.2,0.07,4.33,14.67,29.5%,32.33,4.83,37.6%,34.0,5.5,45.5%,39.2,7.83,0.17,2.1%,0.5,13.8,GK,24-236,ITA,Frosinone,https://fbref.com/en/players/efdeaff3/Michele-Cerofolini,540,Goalkeeper
Nicola Leali,3.5,7.5,4.0,53.3%,0.0,0.0,1.0,0.0,0.0%,0.0,0.0,0.0,0.0,,Advanced Goalkeeping,0.0,0.5,0.0,3.6,0.52,0.1,3.5,8.0,43.8%,16.5,5.5,12.1%,27.2,7.5,80.0%,50.8,12.5,1.0,8.0%,0.0,6.3,GK,30-192,ITA,Genoa,https://fbref.com/en/players/5f9970a0/Nicola-Leali,180,
Benjamin Lecomte,1.24,4.76,3.45,75.4%,0.41,0.28,0.31,0.31,31.0%,0.17,0.07,0.1,0.0,60.0%,Advanced Goalkeeping,0.03,0.14,0.03,1.37,0.27,0.16,6.24,16.93,36.9%,23.52,3.41,49.4%,39.1,8.76,60.6%,45.1,14.62,0.66,4.5%,0.55,11.1,GK,32-124,FRA,Montpellier,https://fbref.com/en/players/2fa2a875/Benjamin-Lecomte,2610,Goalkeeper
Dimitry Bertaud,2.16,6.16,4.0,68.4%,0.22,0.32,0.43,0.22,22.2%,0.22,0.22,0.0,0.0,0.0%,Advanced Goalkeeping,0.11,0.11,0.0,1.73,0.25,-0.43,4.97,13.94,35.7%,24.42,5.94,38.5%,33.8,9.29,48.8%,38.5,13.83,0.86,6.3%,0.43,11.7,GK,25-083,FRA,Montpellier,https://fbref.com/en/players/380a15e2/Dimitry-Bertaud,833,Goalkeeper
Sam Johnstone,1.0,3.25,2.33,76.9%,0.42,0.33,0.25,0.33,33.3%,0.25,0.25,0.0,0.0,0.0%,Advanced Goalkeeping,0.0,0.33,0.08,0.98,0.22,0.06,3.67,11.5,31.9%,24.42,4.42,35.2%,33.0,5.33,54.7%,44.1,12.58,0.58,4.6%,1.17,14.7,GK,30-156,ENG,Crystal Palace,https://fbref.com/en/players/9e5708be/Sam-Johnstone,1080,Goalkeeper
Remi Matthews,1.89,5.78,3.78,69.2%,0.22,0.06,0.72,0.11,11.1%,0.22,0.11,0.11,0.0,50.0%,Advanced Goalkeeping,0.0,0.11,0.0,1.8,0.28,-0.09,11.44,26.33,43.5%,23.11,2.17,77.9%,50.7,8.44,98.7%,68.5,16.22,0.33,2.1%,1.0,13.8,GK,29-199,ENG,Crystal Palace,https://fbref.com/en/players/27f4f772/Remi-Matthews,1620,Goalkeeper
Jeremías Ledesma,1.37,5.23,3.83,77.0%,0.29,0.34,0.37,0.37,37.1%,0.2,0.17,0.03,0.0,14.3%,Advanced Goalkeeping,0.03,0.17,0.0,1.34,0.22,-0.03,7.14,22.03,32.4%,24.29,3.94,59.6%,45.4,8.29,91.0%,65.3,17.66,1.31,7.4%,0.74,10.7,GK,30-196,ARG,Cádiz,https://fbref.com/en/players/6c4776b1/Jeremias-Ledesma,3150,Goalkeeper
Rui Silva,1.32,4.04,2.75,70.8%,0.39,0.18,0.43,0.32,32.1%,0.14,0.14,0.0,0.0,0.0%,Advanced Goalkeeping,0.04,0.21,0.04,1.27,0.28,-0.02,6.0,15.46,38.8%,25.79,4.32,39.5%,35.1,8.61,61.4%,46.0,13.86,0.71,5.2%,1.32,16.5,GK,29-202,POR,Betis,https://fbref.com/en/players/ea83bfa6/Rui-Silva,2520,Goalkeeper
Lucas Chevalier,1.03,3.37,2.4,71.2%,0.49,0.29,0.23,0.31,31.4%,0.09,0.06,0.03,0.0,33.3%,Advanced Goalkeeping,0.06,0.03,0.09,1.01,0.28,0.06,2.29,8.51,26.8%,28.34,3.71,25.1%,28.8,3.26,43.0%,37.5,9.74,0.63,6.5%,0.91,14.0,GK,21-295,FRA,Lille,https://fbref.com/en/players/b3d76d84/Lucas-Chevalier,3150,Goalkeeper
Bernd Leno,1.41,5.57,4.19,79.1%,0.41,0.16,0.43,0.24,24.3%,0.27,0.24,0.03,0.0,10.0%,Advanced Goalkeeping,0.03,0.16,0.05,1.71,0.27,0.36,3.59,11.27,31.9%,33.92,5.38,25.7%,29.9,6.49,39.6%,36.9,13.24,0.92,6.9%,1.22,14.9,GK,31-177,GER,Fulham,https://fbref.com/en/players/2628fd2b/Bernd-Leno,3330,Goalkeeper
Marek Rodák,0.79,2.85,2.12,75.5%,0.64,0.18,0.18,0.42,42.4%,0.09,0.09,0.0,0.0,0.0%,Advanced Goalkeeping,0.0,0.06,0.06,0.78,0.24,0.05,2.88,8.42,34.2%,20.82,3.7,29.4%,29.6,6.61,34.9%,34.7,10.39,0.36,3.5%,0.67,12.7,GK,26-258,SVK,Fulham,https://fbref.com/en/players/17acc2ed/Marek-Rodak,2970,Goalkeeper
Alexandre Oukidja,1.87,4.37,2.59,60.4%,0.1,0.38,0.53,0.14,15.8%,0.14,0.14,0.0,0.0,0.0%,Advanced Goalkeeping,0.05,0.1,0.1,1.43,0.3,-0.31,6.29,16.08,39.1%,20.69,6.58,48.0%,39.7,8.02,76.6%,54.9,15.31,1.87,12.2%,2.02,14.8,GK,35-040,ALG,Metz,https://fbref.com/en/players/ae7d0ecd/Alexandre-Oukidja,1875,Goalkeeper
Nick Pope,0.91,3.21,2.27,73.5%,0.54,0.28,0.2,0.34,34.3%,0.14,0.06,0.06,0.03,50.0%,Advanced Goalkeeping,0.0,0.2,0.03,0.88,0.25,0.01,3.15,9.71,32.5%,18.65,6.3,31.1%,32.1,5.96,65.2%,48.7,10.9,0.88,8.1%,2.1,18.5,GK,31-131,ENG,Newcastle Utd,https://fbref.com/en/players/4b40d9ca/Nick-Pope,3171,Goalkeeper
Martin Dúbravka,1.35,4.08,2.77,67.9%,0.5,0.15,0.35,0.31,30.8%,0.04,0.04,0.0,0.0,0.0%,Advanced Goalkeeping,0.0,0.27,0.04,1.31,0.32,0.0,7.96,19.12,41.6%,23.27,3.38,46.3%,37.0,9.08,91.9%,60.5,13.85,0.85,6.1%,0.54,11.9,GK,34-225,SVK,Newcastle Utd,https://fbref.com/en/players/3a949a25/Martin-Dubravka,2340,Goalkeeper
Álex Remiro,0.8,3.13,2.35,75.0%,0.52,0.26,0.22,0.41,41.3%,0.04,0.02,0.02,0.0,50.0%,Advanced Goalkeeping,0.02,0.11,0.04,0.79,0.24,0.03,6.28,14.39,43.7%,28.98,3.57,38.9%,35.5,5.09,61.1%,50.0,11.13,0.41,3.7%,1.46,17.1,GK,28-157,ESP,Real Sociedad,https://fbref.com/en/players/374ee424/Alex-Remiro,4140,Goalkeeper
Simone Scuffet,0.75,4.38,3.75,85.7%,0.38,0.25,0.38,0.5,50.0%,0.13,0.13,0.0,0.0,0.0%,Advanced Goalkeeping,0.0,0.0,0.13,1.05,0.22,0.43,9.38,24.5,38.3%,22.25,2.75,66.9%,45.3,9.88,97.5%,62.7,14.63,0.5,3.4%,2.5,19.2,GK,27-089,ITA,Cagliari,https://fbref.com/en/players/41bd99ea/Simone-Scuffet,720,Goalkeeper
Marcin Bułka,0.67,3.33,2.67,80.0%,0.67,0.33,0.0,0.33,33.3%,0.0,0.0,0.0,0.0,,Advanced Goalkeeping,0.0,0.0,0.0,0.73,0.22,0.07,3.67,8.67,42.3%,21.33,2.67,28.1%,30.7,6.0,44.4%,37.5,13.33,1.0,7.5%,0.67,15.6,GK,23-328,POL,Nice,https://fbref.com/en/players/db87a2c4/Marcin-Bulka,270,Goalkeeper
Guillermo Ochoa,1.64,5.18,3.5,71.1%,0.18,0.55,0.27,0.18,18.2%,0.18,0.14,0.05,0.0,25.0%,Advanced Goalkeeping,0.05,0.32,0.0,1.67,0.29,0.03,6.45,21.32,30.3%,27.55,2.32,53.1%,40.8,10.23,65.3%,47.2,15.95,0.59,3.7%,0.5,11.9,GK,38-046,MEX,Salernitana,https://fbref.com/en/players/1e9bde92/Guillermo-Ochoa,1980,Goalkeeper
Benoît Costil,2.27,5.13,2.87,59.7%,0.07,0.2,0.73,0.07,6.7%,0.2,0.2,0.0,0.0,0.0%,Advanced Goalkeeping,0.0,0.13,0.0,1.95,0.35,-0.32,6.73,14.2,47.4%,23.8,4.0,40.1%,36.0,6.67,70.0%,50.2,14.67,0.2,1.4%,0.67,13.6,GK,36-056,FRA,Salernitana,https://fbref.com/en/players/2434f24a/Benoit-Costil,1350,Goalkeeper
Matt Turner,1.13,4.13,3.0,78.8%,0.63,0.13,0.25,0.38,37.5%,0.25,0.25,0.0,0.0,0.0%,Advanced Goalkeeping,0.0,0.38,0.0,1.53,0.33,0.4,6.63,14.88,44.5%,28.25,5.88,41.2%,34.7,5.38,60.5%,46.1,9.5,0.38,3.9%,1.88,16.2,GK,29-065,USA,Nott'ham Forest,https://fbref.com/en/players/4a51ba65/Matt-Turner,720,Goalkeeper
Ethan Horvath,0.84,2.82,2.05,74.8%,0.53,0.34,0.13,0.45,44.7%,0.13,0.13,0.0,0.0,0.0%,Advanced Goalkeeping,0.0,0.11,0.08,0.75,0.23,-0.01,8.0,21.92,36.5%,23.42,3.84,64.3%,47.4,8.26,83.1%,59.5,14.55,0.71,4.9%,0.68,13.7,GK,28-080,USA,Nott'ham Forest,https://fbref.com/en/players/3f65d5ce/Ethan-Horvath,3420,Goalkeeper
Filip Jørgensen,1.8,4.6,2.8,60.9%,0.2,0.2,0.6,0.2,20.0%,0.0,0.0,0.0,0.0,,Advanced Goalkeeping,0.0,0.2,0.0,1.34,0.3,-0.46,3.0,7.6,39.5%,27.2,3.6,25.7%,28.8,3.8,15.8%,23.9,12.2,0.8,6.6%,1.2,12.2,GK,21-134,DEN,Villarreal,https://fbref.com/en/players/0107757e/Filip-Jorgensen,450,Goalkeeper
Pepe Reina,1.23,3.95,2.77,73.6%,0.59,0.14,0.27,0.23,22.7%,0.18,0.18,0.0,0.0,0.0%,Advanced Goalkeeping,0.0,0.14,0.05,1.31,0.29,0.13,2.91,9.41,30.9%,33.45,5.09,22.1%,28.8,5.36,37.3%,35.7,14.32,0.68,4.8%,0.91,14.6,GK,40-362,ESP,Villarreal,https://fbref.com/en/players/e358587b/Pepe-Reina,1980,Goalkeeper
André Ferreira,1.28,4.94,3.59,76.6%,0.28,0.31,0.41,0.31,31.3%,0.16,0.13,0.03,0.0,20.0%,Advanced Goalkeeping,0.06,0.19,0.0,1.51,0.28,0.23,6.22,15.69,39.6%,22.13,3.53,42.9%,37.0,9.0,68.8%,46.2,13.47,0.78,5.8%,1.31,15.6,GK,27-091,POR,Granada,https://fbref.com/en/players/12c6cbef/Andre-Ferreira,2880,Goalkeeper
Raúl Fernández,1.36,4.82,3.45,71.7%,0.18,0.55,0.27,0.27,27.3%,0.0,0.0,0.0,0.0,,Advanced Goalkeeping,0.09,0.27,0.0,1.48,0.31,0.12,9.82,22.55,43.5%,20.73,3.0,69.3%,47.8,8.64,94.7%,62.8,16.82,0.73,4.3%,1.55,17.8,GK,35-168,ESP,Granada,https://fbref.com/en/players/6fb59070/Raul-Fernandez,990,Goalkeeper
José Sá,1.6,4.6,2.97,66.5%,0.34,0.14,0.51,0.31,31.4%,0.09,0.06,0.03,0.0,33.3%,Advanced Goalkeeping,0.0,0.14,0.0,1.41,0.3,-0.19,3.37,12.14,27.8%,26.89,5.4,28.4%,30.7,7.31,61.7%,45.9,14.57,1.26,8.6%,0.89,12.9,GK,30-223,POR,Wolves,https://fbref.com/en/players/903b6e8b/Jose-Sa,3150,Goalkeeper
Daniel Bentley,1.71,4.86,3.14,64.7%,0.29,0.14,0.57,0.29,28.6%,0.0,0.0,0.0,0.0,,Advanced Goalkeeping,0.0,0.43,0.0,1.6,0.36,-0.11,6.0,19.71,30.4%,25.71,4.14,60.6%,43.4,6.43,64.4%,48.4,10.0,0.43,4.3%,0.71,14.9,GK,30-046,ENG,Wolves,https://fbref.com/en/players/68db6358/Daniel-Bentley,630,Goalkeeper
Arthur Desmas,2.28,4.56,2.35,54.5%,0.21,0.35,0.48,0.21,21.4%,0.21,0.21,0.0,0.0,0.0%,Advanced Goalkeeping,0.0,0.21,0.07,1.54,0.3,-0.66,2.21,9.18,24.1%,20.84,3.66,27.8%,30.2,7.73,41.1%,33.8,10.97,0.35,3.1%,0.28,10.6,GK,29-143,FRA,Le Havre,https://fbref.com/en/players/e8c5dd4d/Arthur-Desmas,1304,Goalkeeper
Aarón Escandell,1.6,4.8,3.2,66.7%,0.2,0.2,0.6,0.2,20.0%,0.0,0.0,0.0,0.0,,Advanced Goalkeeping,0.0,0.0,0.0,2.04,0.44,0.44,7.4,22.2,33.3%,25.0,2.6,67.2%,46.5,6.6,81.8%,60.5,13.0,0.4,3.1%,2.2,18.0,GK,27-335,ESP,Las Palmas,https://fbref.com/en/players/67669ce7/Aaron-Escandell,450,Goalkeeper
Rui Patrício,0.98,3.06,2.1,69.4%,0.46,0.25,0.29,0.35,35.4%,0.06,0.04,0.02,0.0,33.3%,Advanced Goalkeeping,0.0,0.08,0.04,0.75,0.23,-0.19,4.63,10.88,42.5%,18.92,3.44,40.9%,35.3,6.98,45.1%,38.9,11.02,0.56,5.1%,0.65,13.3,GK,35-194,POR,Roma,https://fbref.com/en/players/79b0d6a0/Rui-Patricio,4380,Goalkeeper
Mile Svilar,1.67,4.33,2.67,69.2%,0.0,0.0,1.0,0.0,0.0%,0.67,0.33,0.33,0.0,50.0%,Advanced Goalkeeping,0.33,0.0,0.33,1.57,0.21,0.23,6.33,16.67,38.0%,22.0,4.67,40.9%,33.8,8.33,92.0%,55.8,10.67,0.0,0.0%,3.67,19.4,GK,24-001,SRB,Roma,https://fbref.com/en/players/bcf5058a/Mile-Svilar,270,Goalkeeper
Finn Dahmen,2.3,5.4,3.0,63.0%,0.3,0.3,0.4,0.0,0.0%,0.5,0.3,0.2,0.0,40.0%,Advanced Goalkeeping,0.0,0.4,0.1,1.8,0.25,-0.4,5.4,15.6,34.6%,33.8,4.0,32.5%,33.0,6.5,70.8%,51.5,19.1,1.7,8.9%,1.4,15.1,GK,25-154,GER,Augsburg,https://fbref.com/en/players/dee3013b/Finn-Dahmen,900,Goalkeeper
Tomáš Koubek,2.0,5.91,4.09,66.2%,0.09,0.36,0.55,0.09,9.1%,0.0,0.0,0.0,0.0,,Advanced Goalkeeping,0.09,0.0,0.18,2.0,0.36,0.18,7.0,20.45,34.2%,37.64,4.36,37.9%,36.5,8.73,70.8%,52.5,16.0,0.91,5.7%,2.0,16.8,GK,31-002,CZE,Augsburg,https://fbref.com/en/players/dc366c36/Tomas-Koubek,990,Goalkeeper
Łukasz Skorupski,1.31,4.25,2.94,73.9%,0.36,0.33,0.31,0.19,19.4%,0.25,0.19,0.06,0.0,22.2%,Advanced Goalkeeping,0.03,0.17,0.06,1.23,0.24,-0.02,3.83,10.0,38.3%,24.83,5.5,30.0%,31.6,7.31,35.0%,34.2,13.42,0.72,5.4%,0.53,12.6,GK,32-115,POL,Bologna,https://fbref.com/en/players/ab4449d6/Lukasz-Skorupski,3240,Goalkeeper
Robin Zentner,1.63,4.33,2.67,65.4%,0.29,0.33,0.38,0.25,25.0%,0.21,0.13,0.04,0.04,25.0%,Advanced Goalkeeping,0.04,0.04,0.0,1.43,0.3,-0.19,6.08,18.54,32.8%,26.83,5.46,49.7%,39.8,7.42,70.2%,53.8,12.67,1.63,12.8%,2.08,18.0,GK,28-304,GER,Mainz 05,https://fbref.com/en/players/5c4bf6ba/Robin-Zentner,2160,Goalkeeper
Vanja Milinković-Savić,1.16,3.59,2.43,72.9%,0.32,0.3,0.38,0.3,29.7%,0.22,0.19,0.0,0.03,0.0%,Advanced Goalkeeping,0.0,0.16,0.0,1.01,0.23,-0.15,7.51,24.38,30.8%,39.05,4.95,44.6%,39.6,7.65,91.2%,70.2,12.27,0.89,7.3%,1.81,16.2,GK,26-189,SRB,Torino,https://fbref.com/en/players/9fa26bc2/Vanja-Milinkovic-Savic,3330,Goalkeeper
Jonas Omlin,1.66,4.94,3.32,68.8%,0.32,0.24,0.51,0.24,25.0%,0.12,0.12,0.0,0.0,0.0%,Advanced Goalkeeping,0.0,0.08,0.04,1.51,0.29,-0.09,4.43,13.72,32.3%,35.67,5.42,28.2%,30.8,6.72,51.8%,41.6,15.82,0.91,5.8%,1.27,14.0,GK,29-230,SUI,M'Gladbach,https://fbref.com/en/players/c631f952/Jonas-Omlin,2276,Goalkeeper
David Soria,1.11,4.18,3.0,76.1%,0.29,0.32,0.39,0.37,36.8%,0.21,0.11,0.11,0.0,50.0%,Advanced Goalkeeping,0.0,0.18,0.03,1.14,0.23,0.06,10.74,24.08,44.6%,20.89,2.58,74.7%,49.8,9.32,91.0%,59.9,15.34,0.87,5.7%,1.29,15.4,GK,30-146,ESP,Getafe,https://fbref.com/en/players/8f8c6934/David-Soria,3420,Goalkeeper
Daniel Fuzato,1.4,5.2,3.8,73.1%,0.4,0.2,0.4,0.4,40.0%,0.0,0.0,0.0,0.0,,Advanced Goalkeeping,0.0,0.2,0.0,1.12,0.22,-0.28,3.4,10.2,33.3%,24.4,6.2,32.8%,34.1,6.0,36.7%,37.2,10.0,0.8,8.0%,0.4,11.5,GK,26-055,BRA,Getafe,https://fbref.com/en/players/82328faf/Daniel-Fuzato,450,Goalkeeper
Manuel Riemann,2.03,5.28,3.28,65.7%,0.31,0.19,0.5,0.16,15.6%,0.34,0.22,0.03,0.09,12.5%,Advanced Goalkeeping,0.06,0.19,0.06,1.86,0.3,-0.11,15.38,33.44,46.0%,42.94,2.59,65.9%,44.1,7.5,68.3%,50.1,16.22,0.94,5.8%,3.19,21.7,GK,34-353,GER,Bochum,https://fbref.com/en/players/9f941969/Manuel-Riemann,2880,Goalkeeper
Michael Esser,2.06,6.69,4.63,71.5%,0.16,0.19,0.66,0.16,15.6%,0.19,0.16,0.03,0.0,16.7%,Advanced Goalkeeping,0.03,0.31,0.03,1.9,0.26,-0.13,9.34,19.03,49.1%,29.47,4.5,46.2%,36.9,9.22,58.6%,43.3,17.22,0.75,4.4%,1.19,14.6,GK,35-279,GER,Bochum,https://fbref.com/en/players/83e0eeb4/Michael-Esser,2880,Goalkeeper
Predrag Rajković,1.19,3.69,2.47,72.2%,0.33,0.22,0.44,0.28,27.8%,0.19,0.17,0.03,0.0,14.3%,Advanced Goalkeeping,0.0,0.11,0.0,1.09,0.25,-0.1,8.83,21.42,41.2%,24.72,3.33,62.8%,45.8,8.11,72.6%,52.8,15.47,0.92,5.9%,0.56,12.1,GK,27-301,SRB,Mallorca,https://fbref.com/en/players/58ad9383/Predrag-Rajkovic,3240,Goalkeeper
Dominik Greif,2.17,6.0,4.0,72.2%,0.17,0.17,0.67,0.0,0.0%,0.67,0.5,0.17,0.0,25.0%,Advanced Goalkeeping,0.0,0.17,0.33,2.22,0.28,0.38,6.0,19.83,30.3%,19.0,4.67,57.0%,42.0,11.33,79.4%,54.5,20.67,0.33,1.6%,0.83,11.1,GK,26-144,SVK,Mallorca,https://fbref.com/en/players/30061f53/Dominik-Greif,540,Goalkeeper
Iván Villar,1.27,3.27,1.95,65.3%,0.27,0.27,0.45,0.18,18.2%,0.23,0.14,0.05,0.05,25.0%,Advanced Goalkeeping,0.0,0.32,0.0,1.17,0.31,-0.1,4.14,12.73,32.5%,22.27,4.91,35.5%,34.0,8.5,56.7%,44.7,13.18,0.36,2.8%,0.68,14.3,GK,26-050,ESP,Celta Vigo,https://fbref.com/en/players/cde52ef5/Ivan-Villar,1980,Goalkeeper
Agustín Marchesín,1.44,3.75,2.31,61.7%,0.25,0.25,0.5,0.31,31.3%,0.06,0.0,0.06,0.0,100.0%,Advanced Goalkeeping,0.06,0.25,0.06,0.93,0.24,-0.44,5.69,14.13,40.3%,26.38,4.06,39.8%,35.3,6.75,53.7%,44.0,13.88,0.75,5.4%,1.5,18.3,GK,35-165,ARG,Celta Vigo,https://fbref.com/en/players/853b7c48/Agustin-Marchesin,1440,Goalkeeper
Brice Samba,0.86,3.53,2.69,79.5%,0.58,0.25,0.17,0.39,38.9%,0.14,0.14,0.0,0.0,0.0%,Advanced Goalkeeping,0.0,0.17,0.03,0.97,0.24,0.14,4.97,12.17,40.9%,28.81,3.64,36.9%,33.6,4.25,35.9%,34.4,10.39,0.86,8.3%,1.0,15.1,GK,29-125,FRA,Lens,https://fbref.com/en/players/60d90c55/Brice-Samba,3240,Goalkeeper
Jean-Louis Leca,1.28,3.89,2.57,69.4%,0.39,0.31,0.35,0.19,20.0%,0.16,0.12,0.04,0.0,25.0%,Advanced Goalkeeping,0.04,0.08,0.0,1.24,0.29,-0.04,4.2,10.08,41.7%,20.82,5.18,35.3%,31.3,7.74,35.2%,33.1,11.4,0.74,6.5%,0.93,14.1,GK,37-341,FRA,Lens,https://fbref.com/en/players/edbe46dc/Jean-Louis-Leca,2313,Goalkeeper
Alban Lafont,1.58,5.15,3.67,74.4%,0.22,0.31,0.48,0.26,27.5%,0.24,0.26,0.0,0.0,0.0%,Advanced Goalkeeping,0.02,0.14,0.1,1.6,0.27,0.09,5.13,13.83,37.1%,25.02,5.3,37.1%,35.2,6.71,67.9%,49.6,12.92,0.93,7.2%,1.05,12.9,GK,24-217,FRA,Nantes,https://fbref.com/en/players/4e7db402/Alban-Lafont,3755,Goalkeeper
Luís Maximiano,0.67,1.0,0.33,33.3%,0.33,0.33,0.33,0.67,66.7%,0.0,0.0,0.0,0.0,,Advanced Goalkeeping,0.0,0.0,0.0,0.27,0.27,-0.4,7.33,15.0,48.9%,35.67,2.33,29.0%,30.7,8.33,56.0%,42.6,10.0,0.67,6.7%,1.0,16.0,GK,24-235,POR,Almería,https://fbref.com/en/players/3318286e/Luis-Maximiano,270,Goalkeeper
Fernando,1.7,5.07,3.37,68.6%,0.3,0.21,0.51,0.12,12.1%,0.18,0.12,0.03,0.03,20.0%,Advanced Goalkeeping,0.0,0.12,0.03,1.67,0.3,-0.01,5.52,15.46,35.7%,26.75,5.73,39.3%,36.9,9.28,53.4%,43.4,16.57,1.04,6.3%,0.72,12.3,GK,33-079,ESP,Almería,https://fbref.com/en/players/dabb2827/Fernando,3015,Goalkeeper
Neto,1.53,5.29,3.76,73.7%,0.31,0.24,0.47,0.2,20.7%,0.2,0.14,0.03,0.03,20.0%,Advanced Goalkeeping,0.0,0.27,0.03,1.59,0.28,0.09,5.97,16.34,36.5%,23.15,5.05,46.3%,37.3,8.75,64.3%,44.6,18.17,1.22,6.7%,0.88,12.0,GK,34-040,BRA,Bournemouth,https://fbref.com/en/players/a9dc785c/Neto,2655,Goalkeeper
Ionuț Radu,1.43,4.83,3.35,73.0%,0.17,0.39,0.43,0.26,26.1%,0.22,0.13,0.09,0.0,40.0%,Advanced Goalkeeping,0.0,0.09,0.04,1.52,0.28,0.13,6.3,19.22,32.8%,28.52,3.7,48.2%,39.5,7.87,69.6%,50.6,14.74,0.74,5.0%,0.91,13.9,GK,26-092,ROU,Bournemouth,https://fbref.com/en/players/67f649be/Ionut-Radu,2070,Goalkeeper
Rémy Riou,1.57,4.0,2.57,67.9%,0.14,0.57,0.29,0.29,28.6%,0.29,0.29,0.0,0.0,0.0%,Advanced Goalkeeping,0.14,0.0,0.14,1.43,0.29,0.0,1.71,8.43,20.3%,26.29,3.86,23.4%,28.4,7.57,30.2%,31.8,12.43,0.86,6.9%,1.14,15.1,GK,36-022,FRA,Lyon,https://fbref.com/en/players/7f41ee30/Remy-Riou,630,Goalkeeper
Ivan Provedel,0.98,3.6,2.63,74.2%,0.51,0.21,0.28,0.49,48.8%,0.09,0.05,0.02,0.02,33.3%,Advanced Goalkeeping,0.0,0.12,0.02,0.94,0.25,-0.01,4.12,9.51,43.3%,30.0,4.49,26.3%,31.6,5.4,30.2%,31.5,12.16,0.6,5.0%,1.67,16.9,GK,29-164,ITA,Lazio,https://fbref.com/en/players/277da414/Ivan-Provedel,3870,Goalkeeper
Luigi Sepe,1.86,5.36,3.29,70.7%,0.21,0.29,0.5,0.07,7.1%,0.5,0.29,0.21,0.0,42.9%,Advanced Goalkeeping,0.0,0.0,0.0,1.97,0.28,0.11,4.5,17.07,26.4%,29.93,4.86,41.5%,36.1,9.07,51.2%,41.8,14.07,1.0,7.1%,0.79,14.2,GK,32-112,ITA,Lazio,https://fbref.com/en/players/343f753a/Luigi-Sepe,1260,Goalkeeper
Marvin Schwäbe,1.66,3.81,2.22,59.8%,0.28,0.28,0.44,0.16,15.6%,0.16,0.13,0.03,0.0,20.0%,Advanced Goalkeeping,0.09,0.16,0.09,1.3,0.32,-0.26,4.56,12.19,37.4%,35.34,3.66,29.7%,31.5,5.13,32.9%,34.6,13.84,0.59,4.3%,0.63,13.1,GK,28-125,GER,Köln,https://fbref.com/en/players/87436846/Marvin-Schwabe,2880,Goalkeeper
Samuele Perisan,1.38,3.63,2.25,62.1%,0.13,0.13,0.75,0.25,25.0%,0.0,0.0,0.0,0.0,,Advanced Goalkeeping,0.0,0.25,0.0,1.01,0.28,-0.36,3.25,10.38,31.3%,21.88,5.88,31.4%,31.9,10.88,32.2%,33.6,19.0,0.63,3.3%,0.63,12.2,GK,26-007,ITA,Empoli,https://fbref.com/en/players/00a17eba/Samuele-Perisan,720,Goalkeeper
Wes Foderingham,0.81,2.77,1.96,70.7%,0.63,0.12,0.27,0.45,46.9%,0.03,0.0,0.03,0.0,100.0%,Advanced Goalkeeping,0.0,0.15,0.03,0.83,0.29,0.07,4.73,13.21,35.8%,19.75,3.8,49.2%,39.8,7.09,48.1%,41.1,13.84,1.12,8.1%,0.78,12.9,GK,32-226,ENG,Sheffield Utd,https://fbref.com/en/players/96cf7b61/Wes-Foderingham,2985,Goalkeeper
Adam Davies,1.03,3.97,2.79,81.5%,0.59,0.15,0.15,0.29,33.3%,0.44,0.29,0.15,0.0,33.3%,Advanced Goalkeeping,0.0,0.0,0.0,1.12,0.17,0.09,5.59,14.71,38.0%,17.21,3.09,59.0%,41.7,7.5,60.8%,48.4,13.82,0.74,5.3%,2.06,19.4,GK,31-042,WAL,Sheffield Utd,https://fbref.com/en/players/71894777/Adam-Davies,612,Goalkeeper
Marko Dmitrović,1.04,3.89,2.89,74.4%,0.38,0.24,0.33,0.38,40.0%,0.05,0.05,0.0,0.0,0.0%,Advanced Goalkeeping,0.0,0.14,0.05,0.95,0.24,-0.04,6.59,22.18,29.7%,28.1,3.36,54.6%,42.0,8.34,81.8%,60.3,14.27,0.81,5.6%,0.66,12.5,GK,31-216,SRB,Sevilla,https://fbref.com/en/players/ac295d9e/Marko-Dmitrovic,1899,Goalkeeper
Yassine Bounou,1.72,4.58,2.88,62.8%,0.31,0.28,0.44,0.19,19.4%,0.06,0.03,0.03,0.0,50.0%,Advanced Goalkeeping,0.03,0.16,0.06,1.53,0.33,-0.11,5.64,14.51,38.9%,32.07,3.54,30.8%,32.2,7.46,62.2%,47.0,13.01,0.82,6.3%,1.32,16.2,GK,32-145,MAR,Sevilla,https://fbref.com/en/players/f6798fc3/Yassine-Bounou,2931,Goalkeeper
Ørjan Nyland,1.36,3.36,2.0,62.2%,0.27,0.36,0.36,0.18,18.2%,0.09,0.09,0.0,0.0,0.0%,Advanced Goalkeeping,0.0,0.0,0.0,1.29,0.36,-0.07,4.09,21.18,19.3%,25.91,3.18,55.8%,42.7,8.55,78.7%,57.6,11.91,0.18,1.5%,0.55,17.7,GK,32-352,NOR,Sevilla,https://fbref.com/en/players/bdedffac/Orjan-Nyland,990,Goalkeeper
Marco Silvestri,1.27,3.49,2.27,68.2%,0.27,0.35,0.38,0.24,24.3%,0.19,0.16,0.0,0.03,0.0%,Advanced Goalkeeping,0.05,0.08,0.05,1.24,0.31,0.02,3.68,9.86,37.3%,23.41,3.7,31.3%,31.7,7.65,33.2%,34.0,14.11,0.35,2.5%,0.54,12.1,GK,32-179,ITA,Udinese,https://fbref.com/en/players/0d422df7/Marco-Silvestri,3330,Goalkeeper
Andrea Consigli,1.59,3.5,1.97,56.3%,0.32,0.21,0.47,0.24,23.5%,0.09,0.06,0.0,0.03,0.0%,Advanced Goalkeeping,0.0,0.18,0.06,1.11,0.31,-0.42,4.85,12.59,38.6%,32.44,5.38,30.7%,33.5,8.32,31.4%,32.3,13.91,0.74,5.3%,0.88,14.5,GK,36-213,ITA,Sassuolo,https://fbref.com/en/players/8cabdc1e/Andrea-Consigli,3060,Goalkeeper
Alessio Cragno,1.8,4.8,2.97,66.1%,0.17,0.29,0.54,0.06,5.7%,0.23,0.17,0.06,0.0,25.0%,Advanced Goalkeeping,0.11,0.29,0.03,1.5,0.28,-0.27,9.17,20.09,45.7%,25.43,3.2,52.9%,39.4,9.03,73.4%,48.2,13.83,0.63,4.5%,0.94,15.0,GK,29-061,ITA,Sassuolo,https://fbref.com/en/players/f554e29b/Alessio-Cragno,3150,Goalkeeper
Gianluca Pegolo,0.8,5.4,4.8,85.2%,0.4,0.4,0.2,0.4,40.0%,0.0,0.0,0.0,0.0,,Advanced Goalkeeping,0.0,0.0,0.2,1.14,0.22,0.54,2.4,5.8,41.4%,24.4,4.8,18.9%,24.2,7.2,16.7%,19.9,14.2,0.2,1.4%,1.0,17.4,GK,42-156,ITA,Sassuolo,https://fbref.com/en/players/f058ed1f/Gianluca-Pegolo,450,Goalkeeper
Arijanet Muric,0.7,3.1,2.37,76.0%,0.7,0.26,0.06,0.47,50.0%,0.06,0.03,0.03,0.0,50.0%,Advanced Goalkeeping,0.0,0.23,0.0,0.8,0.25,0.05,4.33,10.13,42.8%,34.75,4.68,21.9%,28.2,4.71,53.4%,42.6,11.21,1.23,11.0%,1.23,15.7,GK,24-294,KVX,Burnley,https://fbref.com/en/players/99aa1a84/Arijanet-Muric,3074,Goalkeeper
Jiří Pavlenka,1.85,5.51,3.7,67.7%,0.3,0.1,0.63,0.13,13.3%,0.1,0.07,0.03,0.0,33.3%,Advanced Goalkeeping,0.0,0.1,0.07,1.66,0.29,-0.13,6.43,15.37,41.8%,27.38,4.82,41.1%,36.5,8.68,47.5%,41.8,15.24,0.73,4.8%,1.25,15.4,GK,31-136,CZE,Werder Bremen,https://fbref.com/en/players/0a1cb833/Jiri-Pavlenka,2728,Goalkeeper
Michael Zetterer,1.53,4.26,2.74,65.4%,0.21,0.47,0.32,0.21,21.1%,0.05,0.05,0.0,0.0,0.0%,Advanced Goalkeeping,0.0,0.16,0.0,1.28,0.29,-0.24,4.58,13.26,34.5%,32.05,6.05,33.2%,33.8,7.16,36.8%,37.2,12.68,0.42,3.3%,1.89,18.7,GK,28-047,GER,Werder Bremen,https://fbref.com/en/players/9b688ae1/Michael-Zetterer,1710,Goalkeeper
Mory Diaw,1.25,4.11,2.75,73.0%,0.42,0.22,0.36,0.25,25.0%,0.25,0.14,0.11,0.0,44.4%,Advanced Goalkeeping,0.0,0.17,0.0,1.44,0.31,0.19,6.42,16.53,38.8%,33.56,4.39,40.1%,36.9,6.86,44.9%,39.9,12.25,0.94,7.7%,0.81,12.2,GK,30-067,SEN,Clermont Foot,https://fbref.com/en/players/f41a69e6/Mory-Diaw,3240,Goalkeeper
Jordan Pickford,1.61,4.81,3.17,69.4%,0.19,0.28,0.53,0.22,22.2%,0.17,0.14,0.03,0.0,16.7%,Advanced Goalkeeping,0.06,0.08,0.0,1.64,0.31,0.03,7.33,21.33,34.4%,26.64,3.86,57.6%,42.7,8.47,70.8%,52.2,14.53,0.53,3.6%,1.19,16.3,GK,29-174,ENG,Everton,https://fbref.com/en/players/4806ec67/Jordan-Pickford,3240,Goalkeeper
João Virgínia,1.85,6.46,4.69,75.0%,0.08,0.15,0.77,0.23,23.1%,0.23,0.23,0.0,0.0,0.0%,Advanced Goalkeeping,0.0,0.23,0.08,1.92,0.27,0.15,6.85,17.85,38.4%,26.69,5.92,43.5%,38.3,10.85,57.4%,47.2,17.77,0.85,4.8%,0.77,12.8,GK,23-322,POR,Everton,https://fbref.com/en/players/728e9b2e/Joao-Virginia,1170,Goalkeeper
Thomas Kaminski,1.23,4.14,2.91,71.4%,0.5,0.05,0.45,0.36,36.4%,0.05,0.05,0.0,0.0,0.0%,Advanced Goalkeeping,0.0,0.05,0.0,1.37,0.33,0.14,3.0,10.64,28.2%,28.14,4.59,24.6%,30.0,8.77,42.5%,35.4,13.82,0.41,3.0%,1.36,18.9,GK,30-309,BEL,Luton Town,https://fbref.com/en/players/1caa93a5/Thomas-Kaminski,1980,Goalkeeper
Tim Krul,1.3,3.5,2.2,62.9%,0.6,0.2,0.2,0.3,30.0%,0.0,0.0,0.0,0.0,,Advanced Goalkeeping,0.0,0.2,0.0,0.96,0.27,-0.34,4.2,11.8,35.6%,33.6,5.3,28.0%,32.2,7.2,33.3%,32.3,11.2,0.6,5.4%,1.7,15.0,GK,35-147,NED,Luton Town,https://fbref.com/en/players/f23f9d20/Tim-Krul,900,Goalkeeper
James Shea,0.97,3.79,2.81,75.4%,0.54,0.27,0.22,0.38,38.9%,0.05,0.05,0.0,0.0,0.0%,Advanced Goalkeeping,0.0,0.11,0.0,0.97,0.25,-0.02,7.41,22.55,32.9%,24.34,3.41,66.0%,44.4,8.17,79.5%,56.4,16.33,0.76,4.6%,1.03,14.1,GK,32-073,ENG,Luton Town,https://fbref.com/en/players/ee7c0a5e/James-Shea,1664,Goalkeeper
